INSERT INTO user(user,password) values('jbueno','pbkdf2:sha256:600000$VgMVPD88kLz7lUD7$3930c78d03463168b7efb00d7525b8320f870b385dbea4254ea43bac6927f446');

INSERT INTO plantas (numero) VALUES (1), (2), (3), (4), (5);

-- Insertar habitaciones
INSERT INTO habitaciones (numero, planta_fk) VALUES
(1, 1), (2, 1), (3, 1), (4, 1), (5, 1), (6, 1), (7, 1), (8, 1), (9, 1), (10, 1),
(11, 2), (12, 2), (13, 2), (14, 2), (15, 2), (16, 2), (17, 2), (18, 2), (19, 2), (20, 2),
(21, 3), (22, 3), (23, 3), (24, 3), (25, 3), (26, 3), (27, 3), (28, 3), (29, 3), (30, 3),
(31, 4), (32, 4), (33, 4), (34, 4), (35, 4), (36, 4), (37, 4), (38, 4), (39, 4), (40, 4),
(41, 5), (42, 5), (43, 5), (44, 5), (45, 5), (46, 5), (47, 5), (48, 5), (49, 5), (50, 5);

-- Insertar camas (2 por habitación)
INSERT INTO camas (id, nombre, habitacion_fk) VALUES
(1, 'a', 1), (2, 'b', 1),
(3, 'a', 2), (4, 'b', 2),
(5, 'a', 3), (6, 'b', 3),
(7, 'a', 4), (8, 'b', 4),
(9, 'a', 5), (10, 'b', 5),
(11, 'a', 6), (12, 'b', 6),
(13, 'a', 7), (14, 'b', 7),
(15, 'a', 8), (16, 'b', 8),
(17, 'a', 9), (18, 'b', 9),
(19, 'a', 10), (20, 'b', 10),
(21, 'a', 11), (22, 'b', 11),
(23, 'a', 12), (24, 'b', 12),
(25, 'a', 13), (26, 'b', 13),
(27, 'a', 14), (28, 'b', 14),
(29, 'a', 15), (30, 'b', 15),
(31, 'a', 16), (32, 'b', 16),
(33, 'a', 17), (34, 'b', 17),
(35, 'a', 18), (36, 'b', 18),
(37, 'a', 19), (38, 'b', 19),
(39, 'a', 20), (40, 'b', 20),
(41, 'a', 21), (42, 'b', 21),
(43, 'a', 22), (44, 'b', 22),
(45, 'a', 23), (46, 'b', 23),
(47, 'a', 24), (48, 'b', 24),
(49, 'a', 25), (50, 'b', 25),
(51, 'a', 26), (52, 'b', 26),
(53, 'a', 27), (54, 'b', 27),
(55, 'a', 28), (56, 'b', 28),
(57, 'a', 29), (58, 'b', 29),
(59, 'a', 30), (60, 'b', 30),
(61, 'a', 31), (62, 'b', 31),
(63, 'a', 32), (64, 'b', 32),
(65, 'a', 33), (66, 'b', 33),
(67, 'a', 34), (68, 'b', 34),
(69, 'a', 35), (70, 'b', 35),
(71, 'a', 36), (72, 'b', 36),
(73, 'a', 37), (74, 'b', 37),
(75, 'a', 38), (76, 'b', 38),
(77, 'a', 39), (78, 'b', 39),
(79, 'a', 40), (80, 'b', 40),
(81, 'a', 41), (82, 'b', 41),
(83, 'a', 42), (84, 'b', 42),
(85, 'a', 43), (86, 'b', 43),
(87, 'a', 44), (88, 'b', 44),
(89, 'a', 45), (90, 'b', 45),
(91, 'a', 46), (92, 'b', 46),
(93, 'a', 47), (94, 'b', 47),
(95, 'a', 48), (96, 'b', 48),
(97, 'a', 49), (98, 'b', 49),
(99, 'a', 50), (100, 'b', 50);

-- Insertar asistentes con datos reales (2 por planta)
INSERT INTO asistentes (dni, nombre, telefono, codigo, planta_fk, activo) VALUES
('04729807H', 'Juan Bueno', 612345678, 'A00123', 1, 0),
('04729846B', 'María López', 622345679, 'A00256', 1, 0),

('56984085K', 'Carlos Martínez', 633456780, 'A00345', 2, 0),
('98023141Q', 'Laura Sánchez', 644567891, 'A00489', 2, 0),

('29121068D', 'Ana Gómez', 655678902, 'A00588', 3, 0),
('65972740T', 'Miguel Fernández', 666789013, 'A00677', 3, 0),

('86718571S', 'Elena Ruiz', 677890124, 'A00752', 4, 0),
('32834309S', 'Pablo Díaz', 688901235, 'A00803', 4, 0),

('35747210N', 'Sofía Moreno', 699012346, 'A00999', 5, 0),
('65889939E', 'David Torres', 600123457, 'A01000', 5, 0);

INSERT INTO asistencias (habitacion_fk, cama_fk, fecha_llamada, fecha_presencia, asistente_fk, estado) VALUES
(1, 1, '2025-01-03 08:00:00', '2025-01-03 08:10:00', '04729807H', 'atendida'),
(4, 7, '2025-01-07 10:20:00', '2025-01-07 10:30:00', '04729846B', 'atendida'),
(7, 13, '2025-01-10 12:40:00', '2025-01-10 12:50:00', '56984085K', 'atendida'),
(10, 19, '2025-01-14 15:00:00', '2025-01-14 15:10:00', '98023141Q', 'atendida'),
(13, 25, '2025-01-18 09:30:00', '2025-01-18 09:40:00', '29121068D', 'atendida'),
(16, 31, '2025-01-22 11:45:00', '2025-01-22 11:55:00', '65972740T', 'atendida'),
(19, 37, '2025-01-25 14:15:00', '2025-01-25 14:25:00', '86718571S', 'atendida'),
(22, 43, '2025-01-28 17:30:00', '2025-01-28 17:40:00', '32834309S', 'atendida'),
(25, 49, '2025-01-30 20:00:00', '2025-01-30 20:10:00', '35747210N', 'atendida'),
(28, 55, '2025-01-31 21:15:00', '2025-01-31 21:25:00', '65889939E', 'atendida'),
(28, 55, '2025-01-31 19:15:00', '2025-01-31 19:25:00', '65889939E', 'atendida'),
(25, 49, '2025-01-30 19:00:00', '2025-01-30 19:10:00', '35747210N', 'atendida');


INSERT INTO asistencias (habitacion_fk, cama_fk, fecha_llamada, fecha_presencia, asistente_fk, estado) VALUES
(2, 3, '2025-02-02 10:15:00', '2025-02-02 10:25:00', '04729846B', 'atendida'),
(5, 9, '2025-02-05 12:30:00', '2025-02-05 12:40:00', '04729846B', 'atendida'),
(8, 15, '2025-02-08 14:45:00', '2025-02-08 14:55:00', '98023141Q', 'atendida'),
(11, 21, '2025-02-11 09:00:00', '2025-02-11 09:10:00', '98023141Q', 'atendida'),
(14, 27, '2025-02-14 11:15:00', '2025-02-14 11:25:00', '65972740T', 'atendida'),
(17, 33, '2025-02-17 16:30:00', '2025-02-17 16:40:00', '86718571S', 'atendida'),
(20, 39, '2025-02-20 18:45:00', '2025-02-20 18:55:00', '32834309S', 'atendida'),
(23, 45, '2025-02-23 13:00:00', '2025-02-23 13:10:00', '35747210N', 'atendida'),
(26, 51, '2025-02-26 15:15:00', '2025-02-26 15:25:00', '65889939E', 'atendida'),
(29, 57, '2025-02-28 19:30:00', '2025-02-28 19:40:00', '04729807H', 'atendida'),

(20, 39, '2025-02-20 16:45:00', '2025-02-20 16:55:00', '32834309S', 'atendida'),
(23, 45, '2025-02-23 12:00:00', '2025-02-23 12:10:00', '35747210N', 'atendida'),
(26, 51, '2025-02-26 14:15:00', '2025-02-26 14:25:00', '65889939E', 'atendida'),
(29, 57, '2025-02-28 18:30:00', '2025-02-28 18:40:00', '04729807H', 'atendida');



INSERT INTO asistencias (habitacion_fk, cama_fk, fecha_llamada, fecha_presencia, asistente_fk, estado) VALUES
(1, 1, '2025-03-03 09:05:00', '2025-03-03 09:15:00', '04729807H', 'atendida'),
(4, 7, '2025-03-06 14:20:00', '2025-03-06 14:30:00', '04729846B', 'atendida'),
(7, 13, '2025-03-09 18:45:00', '2025-03-09 18:55:00', '56984085K', 'atendida'),
(10, 19, '2025-03-12 08:10:00', '2025-03-12 08:20:00', '98023141Q', 'atendida'),
(13, 25, '2025-03-15 11:35:00', '2025-03-15 11:45:00', '29121068D', 'atendida'),
(16, 31, '2025-03-18 15:50:00', '2025-03-18 16:00:00', '65972740T', 'atendida'),
(19, 37, '2025-03-21 19:05:00', '2025-03-21 19:15:00', '86718571S', 'atendida'),
(22, 43, '2025-03-24 13:20:00', '2025-03-24 13:30:00', '32834309S', 'atendida'),
(25, 49, '2025-03-27 17:35:00', '2025-03-27 17:45:00', '35747210N', 'atendida'),
(28, 55, '2025-03-30 20:50:00', '2025-03-30 21:00:00', '65889939E', 'atendida'),

(7, 13, '2025-03-09 13:45:00', '2025-03-09 13:55:00', '56984085K', 'atendida'),
(10, 19, '2025-03-12 07:10:00', '2025-03-12 07:20:00', '98023141Q', 'atendida'),
(13, 25, '2025-03-15 10:35:00', '2025-03-15 10:45:00', '29121068D', 'atendida'),
(16, 31, '2025-03-18 14:50:00', '2025-03-18 15:00:00', '65972740T', 'atendida'),
(19, 37, '2025-03-21 17:05:00', '2025-03-21 17:15:00', '86718571S', 'atendida'),
(22, 43, '2025-03-24 13:20:00', '2025-03-24 13:30:00', '32834309S', 'atendida'),
(25, 49, '2025-03-27 16:35:00', '2025-03-27 16:45:00', '35747210N', 'atendida'),
(28, 55, '2025-03-30 22:50:00', '2025-03-30 23:00:00', '65889939E', 'atendida');



INSERT INTO asistencias (habitacion_fk, cama_fk, fecha_llamada, fecha_presencia, asistente_fk, estado) VALUES
(2, 3, '2025-04-02 10:10:00', '2025-04-02 10:20:00', '04729846B', 'atendida'),
(5, 9, '2025-04-05 13:15:00', '2025-04-05 13:25:00', '29121068D', 'atendida'),
(8, 15, '2025-04-08 16:40:00', '2025-04-08 16:50:00', '32834309S', 'atendida'),
(11, 21, '2025-04-11 09:55:00', '2025-04-11 10:05:00', '04729807H', 'atendida'),
(14, 27, '2025-04-14 13:10:00', '2025-04-14 13:20:00', '98023141Q', 'atendida'),
(17, 33, '2025-04-17 16:25:00', '2025-04-17 16:35:00', '86718571S', 'atendida'),
(20, 39, '2025-04-20 19:40:00', '2025-04-20 19:50:00', '65889939E', 'atendida'),
(3, 5, '2025-04-23 12:45:00', '2025-04-23 12:55:00', '56984085K', 'atendida'),
(6, 11, '2025-04-26 16:00:00', '2025-04-26 16:10:00', '65972740T', 'atendida'),
(9, 17, '2025-04-29 19:15:00', '2025-04-29 19:25:00', '35747210N', 'atendida');

INSERT INTO asistencias (habitacion_fk, cama_fk, fecha_llamada, fecha_presencia, asistente_fk, estado) VALUES
(2, 3, '2025-05-01 08:15:00', '2025-05-01 08:25:00', '04729807H', 'atendida'),
(5, 10, '2025-05-03 09:30:00', '2025-05-03 09:40:00', '04729846B', 'atendida'),
(8, 15, '2025-05-05 10:45:00', '2025-05-05 10:55:00', '56984085K', 'atendida'),
(11, 22, '2025-05-07 12:00:00', '2025-05-07 12:10:00', '98023141Q', 'atendida'),
(14, 28, '2025-05-09 13:15:00', '2025-05-09 13:25:00', '29121068D', 'atendida'),
(17, 34, '2025-05-11 14:30:00', '2025-05-11 14:40:00', '65972740T', 'atendida'),
(20, 40, '2025-05-13 15:45:00', '2025-05-13 15:55:00', '86718571S', 'atendida'),
(23, 46, '2025-05-15 17:00:00', '2025-05-15 17:10:00', '32834309S', 'atendida'),
(26, 52, '2025-05-17 18:15:00', '2025-05-17 18:25:00', '35747210N', 'atendida'),
(29, 58, '2025-05-19 19:30:00', '2025-05-19 19:40:00', '65889939E', 'atendida');

